id,first_name,last_name,email,gender,ip_address
1,Emilio,Luker,eluker0@cocolog-nifty.com,Male,101.69.178.42
2,Bentlee,Kibble,bkibble1@naver.com,Male,165.247.121.230
3,Ruthanne,Thorald,rthorald2@imdb.com,Female,51.180.126.101
4,Gaile,Plowell,gplowell3@plala.or.jp,Male,247.221.47.153
5,Whit,Audus,waudus4@skyrock.com,Male,72.92.81.112
6,Clerissa,Pischel,cpischel5@ycombinator.com,Female,125.55.229.150
7,Danita,Blakey,dblakey6@behance.net,Female,1.86.8.111
8,Valentina,Eborall,veborall7@google.fr,Female,93.146.218.184
9,Birdie,Olyff,bolyff8@ucoz.ru,Female,251.67.255.41
10,Morly,Lyfield,mlyfield9@timesonline.co.uk,Male,80.41.114.161
11,Willabella,Blackston,wblackstona@springer.com,Female,79.177.162.240
12,Leila,Marcinkus,lmarcinkusb@umich.edu,Female,85.95.52.147
13,Gearard,Ierland,gierlandc@amazon.de,Male,51.6.171.109
14,Mitchell,Whitlow,mwhitlowd@imdb.com,Male,31.188.139.218
15,Anna-diane,Flindall,aflindalle@statcounter.com,Female,207.117.62.223
16,Carine,Marten,cmartenf@mayoclinic.com,Female,117.65.5.179
17,Stephanie,Krollman,skrollmang@dmoz.org,Female,215.55.71.177
18,Crista,Bourthoumieux,cbourthoumieuxh@msu.edu,Female,231.148.74.10
19,Estevan,Leads,eleadsi@last.fm,Male,95.59.76.157
20,Conney,Ranklin,cranklinj@house.gov,Male,150.151.126.139
21,Ermanno,Clarkin,eclarkink@europa.eu,Male,220.144.70.181
22,Lynnell,Stoll,lstolll@auda.org.au,Female,66.6.71.238
23,Calhoun,McDuffy,cmcduffym@moonfruit.com,Male,125.217.145.109
24,Udale,McGebenay,umcgebenayn@scientificamerican.com,Male,66.247.156.120
25,Roxie,Winship,rwinshipo@ezinearticles.com,Female,229.5.235.99
26,Rosalinda,Lafond,rlafondp@nymag.com,Female,57.180.4.111
27,Joey,Trees,jtreesq@cnn.com,Male,198.134.51.190
28,Annabelle,Swin,aswinr@trellian.com,Female,206.75.233.202
29,Inglebert,Rough,iroughs@bloomberg.com,Male,142.82.58.183
30,Luisa,Mauchlen,lmauchlent@theglobeandmail.com,Female,158.110.82.47
31,Augie,Charteris,acharterisu@wunderground.com,Male,161.157.168.24
32,Sheela,Beneix,sbeneixv@google.it,Female,9.163.51.198
33,Lewes,Bellefonte,lbellefontew@toplist.cz,Male,206.133.217.89
34,Penny,Bodemeaid,pbodemeaidx@mac.com,Male,228.212.192.194
35,Bamby,Moatt,bmoatty@ox.ac.uk,Female,170.164.68.106
36,Nealson,Lepoidevin,nlepoidevinz@fda.gov,Male,173.208.198.10
37,Judie,Gotch,jgotch10@npr.org,Female,129.118.34.37
38,Carie,Goldsmith,cgoldsmith11@discuz.net,Female,175.40.73.231
39,Loralee,Waple,lwaple12@bandcamp.com,Female,124.105.207.157
40,Johann,Asals,jasals13@unesco.org,Male,80.142.170.146
41,Stanly,Gostridge,sgostridge14@livejournal.com,Male,93.142.208.89
42,York,Ganforthe,yganforthe15@google.nl,Male,111.47.9.14
43,Elvis,Halliwell,ehalliwell16@4shared.com,Male,15.104.231.50
44,Thorpe,Sugg,tsugg17@wordpress.org,Male,165.16.218.175
45,Ichabod,Cadlock,icadlock18@thetimes.co.uk,Male,184.77.29.127
46,Vally,Crandon,vcrandon19@va.gov,Female,31.233.175.62
47,Kelby,Gloster,kgloster1a@answers.com,Male,54.90.80.97
48,Marilin,Birtley,mbirtley1b@state.tx.us,Female,97.77.87.159
49,Worthington,Whitington,wwhitington1c@soup.io,Male,195.31.54.64
50,Raviv,Trembath,rtrembath1d@cafepress.com,Male,79.226.53.64
51,Hollyanne,Rickesies,hrickesies1e@123-reg.co.uk,Female,222.43.213.244
52,Bart,Lorraine,blorraine1f@networksolutions.com,Male,24.20.201.176
53,Mohandas,Feldberg,mfeldberg1g@businesswire.com,Male,195.26.43.66
54,Ryley,Lutzmann,rlutzmann1h@github.io,Male,195.146.165.13
55,Milo,Crockley,mcrockley1i@about.me,Male,21.72.154.167
56,Sibel,Wix,swix1j@mozilla.com,Female,136.130.2.174
57,Wayland,Boulde,wboulde1k@studiopress.com,Male,243.255.56.26
58,Amberly,Mancell,amancell1l@nationalgeographic.com,Female,97.133.73.75
59,Ellynn,Bullock,ebullock1m@weather.com,Female,65.40.187.70
60,Reidar,Antrack,rantrack1n@indiatimes.com,Male,38.154.136.0
61,Corrie,Tommeo,ctommeo1o@google.com.hk,Male,78.229.48.216
62,Gayler,Burkwood,gburkwood1p@1688.com,Male,108.223.47.237
63,Carmine,Whitland,cwhitland1q@typepad.com,Female,195.233.115.236
64,Jobina,Rennebeck,jrennebeck1r@addtoany.com,Female,144.235.94.121
65,Ulises,Mirfin,umirfin1s@kickstarter.com,Male,141.78.116.216
66,Rodrigo,Gascar,rgascar1t@cargocollective.com,Male,62.200.120.212
67,Yorgos,Naerup,ynaerup1u@google.com,Male,86.205.201.187
68,Heath,Houlahan,hhoulahan1v@artisteer.com,Male,37.99.199.88
69,Florri,O'Griffin,fogriffin1w@is.gd,Female,66.63.221.17
70,Adiana,Crunkhorn,acrunkhorn1x@so-net.ne.jp,Female,19.210.112.24
71,Filberte,Guiducci,fguiducci1y@icq.com,Male,139.220.4.33
72,Gordan,Jefferson,gjefferson1z@oaic.gov.au,Male,109.235.22.30
73,Nilson,Blatherwick,nblatherwick20@oakley.com,Male,170.37.171.56
74,Evangelia,Hildrew,ehildrew21@accuweather.com,Female,133.122.20.211
75,Egbert,Boyat,eboyat22@wunderground.com,Male,101.19.28.234
76,Rodd,Kleingrub,rkleingrub23@symantec.com,Male,64.131.203.142
77,Rhiamon,Reisenstein,rreisenstein24@google.de,Female,253.114.121.93
78,Paquito,Strood,pstrood25@statcounter.com,Male,104.239.247.185
79,Sherwood,Rake,srake26@1688.com,Male,80.38.15.141
80,Judas,Rains,jrains27@tripod.com,Male,22.46.106.6
81,Jacqueline,Tigwell,jtigwell28@cnn.com,Female,209.171.216.4
82,Malvin,Holbarrow,mholbarrow29@cbc.ca,Male,33.191.164.43
83,Cesar,Cheeke,ccheeke2a@hostgator.com,Male,166.213.112.162
84,Arie,Kaliszewski,akaliszewski2b@twitter.com,Male,205.134.146.116
85,Mozes,Scullard,mscullard2c@arstechnica.com,Male,105.50.38.255
86,Sadye,Soden,ssoden2d@omniture.com,Female,8.36.114.99
87,Vere,Margaret,vmargaret2e@nsw.gov.au,Female,7.114.89.133
88,Atlanta,Beldum,abeldum2f@biblegateway.com,Female,185.102.164.54
89,Roseanne,MacNeil,rmacneil2g@rediff.com,Female,164.22.88.248
90,Dennis,Menault,dmenault2h@netvibes.com,Male,169.244.49.90
91,Sebastiano,Ryson,sryson2i@wordpress.com,Male,171.37.204.186
92,Dagmar,Saffran,dsaffran2j@free.fr,Female,152.169.110.204
93,Heida,Pott,hpott2k@furl.net,Female,129.3.150.64
94,Emmeline,Collishaw,ecollishaw2l@vistaprint.com,Female,4.67.27.185
95,Dee dee,Thick,dthick2m@imageshack.us,Female,69.141.71.76
96,Damian,Merrikin,dmerrikin2n@51.la,Male,167.199.153.173
97,Nappie,Megroff,nmegroff2o@i2i.jp,Male,139.210.42.15
98,Ban,Bris,bbris2p@shutterfly.com,Male,246.47.28.140
99,Mervin,Howard - Gater,mhowardgater2q@google.it,Male,181.78.159.79
100,Killie,Cawsby,kcawsby2r@opera.com,Male,87.124.226.199
101,Sophia,Sivil,ssivil2s@twitter.com,Female,130.101.54.208
102,Shelden,Shalcros,sshalcros2t@google.cn,Male,84.132.173.25
103,Laurens,Overy,lovery2u@themeforest.net,Male,203.113.1.191
104,Flore,Lay,flay2v@samsung.com,Female,35.106.87.6
105,Mikael,Brundrett,mbrundrett2w@guardian.co.uk,Male,196.221.90.170
106,Evelina,Banton,ebanton2x@ted.com,Female,48.229.91.249
107,Iormina,Swanborough,iswanborough2y@mail.ru,Female,124.60.190.29
108,Craig,Iltchev,ciltchev2z@dion.ne.jp,Male,26.57.157.37
109,Eugene,Wasiel,ewasiel30@amazon.com,Male,56.50.31.94
110,Kendricks,Stebbins,kstebbins31@1und1.de,Male,96.141.142.119
111,Raphael,McNish,rmcnish32@webs.com,Male,184.183.67.92
112,Talyah,Murrill,tmurrill33@hubpages.com,Female,152.212.80.152
113,Barnabas,Klewer,bklewer34@nationalgeographic.com,Male,205.104.226.9
114,Odilia,Izacenko,oizacenko35@weibo.com,Female,114.171.83.226
115,Kaela,Helleckas,khelleckas36@netvibes.com,Female,198.211.19.145
116,Morgen,Bulteel,mbulteel37@twitter.com,Male,43.111.219.85
117,Thaxter,Willgoose,twillgoose38@merriam-webster.com,Male,190.4.148.100
118,Janos,Flag,jflag39@arizona.edu,Male,184.168.84.207
119,Kristofor,Jurgen,kjurgen3a@bloomberg.com,Male,185.138.203.125
120,Chrisy,Meaney,cmeaney3b@baidu.com,Male,208.96.60.114
121,Maxy,Axtell,maxtell3c@nbcnews.com,Female,186.128.161.146
122,Mariejeanne,Pauwel,mpauwel3d@eepurl.com,Female,239.44.79.211
123,Grady,Olenin,golenin3e@ovh.net,Male,76.176.0.150
124,Sylvia,Wodham,swodham3f@ftc.gov,Female,183.71.100.15
125,Rutger,Poston,rposton3g@myspace.com,Male,169.144.230.220
126,Ab,Lown,alown3h@newyorker.com,Male,59.244.116.53
127,Marwin,O' Brian,mobrian3i@smh.com.au,Male,207.166.209.200
128,Melina,Milkeham,mmilkeham3j@tumblr.com,Female,31.86.115.122
129,Gunter,Crowe,gcrowe3k@epa.gov,Male,156.78.8.101
130,Rebecka,Feeley,rfeeley3l@webs.com,Female,164.137.130.165
131,Gino,Strutt,gstrutt3m@toplist.cz,Male,157.73.112.31
132,Rickey,Calderwood,rcalderwood3n@blog.com,Male,150.251.84.86
133,Sibley,D'Elia,sdelia3o@merriam-webster.com,Female,43.175.242.99
134,Katerina,Cunliffe,kcunliffe3p@rambler.ru,Female,113.216.48.79
135,Chrissy,Eakins,ceakins3q@goodreads.com,Male,242.202.231.230
136,Ax,Mussalli,amussalli3r@ow.ly,Male,88.163.41.37
137,Jermaine,Quantrell,jquantrell3s@studiopress.com,Female,122.196.18.235
138,Goober,Daynter,gdaynter3t@cbc.ca,Male,40.226.76.200
139,Lula,Mattiessen,lmattiessen3u@google.fr,Female,114.107.240.53
140,My,Gordge,mgordge3v@si.edu,Male,151.226.54.0
141,Zacharias,Rosbrough,zrosbrough3w@mashable.com,Male,236.96.168.122
142,Belita,Rabat,brabat3x@bbc.co.uk,Female,157.182.125.209
143,Wye,Aronsohn,waronsohn3y@imdb.com,Male,77.226.227.193
144,Alisun,Pallis,apallis3z@theguardian.com,Female,128.179.58.80
145,Sharyl,Flude,sflude40@symantec.com,Female,57.135.167.63
146,Joey,Crewdson,jcrewdson41@t.co,Female,52.25.221.117
147,Ollie,Houtby,ohoutby42@google.ru,Female,112.151.47.178
148,Arlee,Brangan,abrangan43@businesswire.com,Female,152.147.251.80
149,Ania,Stiles,astiles44@altervista.org,Female,73.10.43.203
150,Cliff,Carneck,ccarneck45@illinois.edu,Male,94.196.120.91
151,Felix,Kenaway,fkenaway46@mozilla.org,Male,141.228.167.42
152,Lucias,Kinane,lkinane47@redcross.org,Male,244.214.240.201
153,Kirk,Frend,kfrend48@t-online.de,Male,167.42.113.61
154,Franchot,Boatwright,fboatwright49@wufoo.com,Male,205.125.40.133
155,Oren,Plett,oplett4a@devhub.com,Male,134.173.184.171
156,Corney,Ivy,civy4b@devhub.com,Male,171.62.218.41
157,Kain,Kinnett,kkinnett4c@macromedia.com,Male,109.118.193.42
158,Ambrosi,Hoopper,ahoopper4d@hostgator.com,Male,91.158.116.127
159,Chucho,Erni,cerni4e@eepurl.com,Male,120.95.119.68
160,Tedmund,McNeillie,tmcneillie4f@symantec.com,Male,160.42.255.113
161,Suzann,Pirkis,spirkis4g@wordpress.org,Female,246.180.122.10
162,Reece,Paton,rpaton4h@patch.com,Male,50.153.111.148
163,Talia,Cicchelli,tcicchelli4i@acquirethisname.com,Female,172.231.34.93
164,Alecia,Blaze,ablaze4j@plala.or.jp,Female,139.112.110.162
165,Millard,O'Nion,monion4k@cocolog-nifty.com,Male,56.246.238.62
166,Nathan,Labden,nlabden4l@dyndns.org,Male,118.170.227.160
167,Guillemette,Oakley,goakley4m@github.com,Female,50.62.141.205
168,Alvan,Biggerdike,abiggerdike4n@sfgate.com,Male,242.89.133.174
169,Moore,De Giovanni,mdegiovanni4o@vimeo.com,Male,126.26.27.211
170,Torrin,O'Noulane,tonoulane4p@dot.gov,Male,2.208.171.88
171,Harvey,Clausen,hclausen4q@usgs.gov,Male,4.15.128.4
172,Filia,Lethby,flethby4r@vistaprint.com,Female,203.255.253.213
173,Trista,Cutmere,tcutmere4s@symantec.com,Female,100.68.52.65
174,Kendrick,Worsell,kworsell4t@chron.com,Male,41.126.206.218
175,Roth,Lerven,rlerven4u@sogou.com,Male,20.152.231.120
176,Leodora,Yuranovev,lyuranovev4v@narod.ru,Female,215.115.220.55
177,Andreana,Paprotny,apaprotny4w@usgs.gov,Female,93.82.175.71
178,Brandon,Bigby,bbigby4x@cocolog-nifty.com,Male,197.33.1.54
179,Lemuel,Taffs,ltaffs4y@lycos.com,Male,245.126.39.167
180,Kyla,Rosborough,krosborough4z@psu.edu,Female,166.42.87.206
181,Minta,Birdfield,mbirdfield50@aol.com,Female,9.191.249.151
182,Cynthie,Wakerley,cwakerley51@nymag.com,Female,40.6.40.214
183,Rosita,Ownsworth,rownsworth52@utexas.edu,Female,225.150.145.30
184,Francklyn,Kyteley,fkyteley53@lulu.com,Male,152.6.158.122
185,Sloan,Glencross,sglencross54@economist.com,Male,209.131.178.156
186,Hamilton,Collaton,hcollaton55@boston.com,Male,230.225.101.140
187,Diahann,Jacox,djacox56@bandcamp.com,Female,51.60.159.17
188,Glory,Pendered,gpendered57@cornell.edu,Female,184.29.221.2
189,Scotty,Peller,speller58@baidu.com,Male,40.82.208.22
190,Fanni,McQuorkell,fmcquorkell59@sitemeter.com,Female,133.39.115.201
191,Mattie,Blenkhorn,mblenkhorn5a@jigsy.com,Male,227.92.64.207
192,Frances,Dozdill,fdozdill5b@issuu.com,Female,122.156.229.254
193,Cleopatra,Winton,cwinton5c@360.cn,Female,0.22.214.9
194,Cassandre,Lineen,clineen5d@prlog.org,Female,81.3.224.233
195,Romola,Alvy,ralvy5e@eepurl.com,Female,208.161.71.225
196,Alisa,Ambrosio,aambrosio5f@timesonline.co.uk,Female,13.227.61.20
197,Starlin,Copcote,scopcote5g@seesaa.net,Female,28.14.0.83
198,Krishna,Luca,kluca5h@nydailynews.com,Male,93.24.171.18
199,Matthieu,Koppeck,mkoppeck5i@msn.com,Male,4.221.19.75
200,Caryl,Splevins,csplevins5j@tripadvisor.com,Female,233.20.97.177
201,Justis,Pocknoll,jpocknoll5k@reddit.com,Male,232.10.181.118
202,Gardner,Macrow,gmacrow5l@bloglovin.com,Male,141.216.225.23
203,Kore,Frossell,kfrossell5m@bravesites.com,Female,202.116.187.33
204,Meaghan,Benediktsson,mbenediktsson5n@themeforest.net,Female,225.34.5.107
205,Nap,Teck,nteck5o@google.pl,Male,145.125.122.178
206,Pearce,Barke,pbarke5p@ask.com,Male,149.221.67.129
207,Henri,Likely,hlikely5q@jigsy.com,Male,175.188.243.153
208,Dennie,Wickmann,dwickmann5r@toplist.cz,Female,216.178.91.165
209,Durward,Gaynor,dgaynor5s@delicious.com,Male,199.115.235.253
210,Conney,Novik,cnovik5t@princeton.edu,Male,118.42.112.164
211,Svend,Laviste,slaviste5u@storify.com,Male,228.123.18.206
212,Toinette,Spinelli,tspinelli5v@mozilla.org,Female,43.226.156.9
213,Maurie,Gauld,mgauld5w@google.pl,Male,65.135.85.131
214,Karilynn,Cutmere,kcutmere5x@guardian.co.uk,Female,74.43.0.49
215,Alfredo,Dutson,adutson5y@senate.gov,Male,70.94.204.9
216,Susy,Gilpillan,sgilpillan5z@discovery.com,Female,224.154.63.28
217,Jany,Searles,jsearles60@stumbleupon.com,Female,106.114.129.18
218,Orly,Wernher,owernher61@cbc.ca,Female,40.66.47.110
219,Aymer,Lemin,alemin62@forbes.com,Male,120.90.80.146
220,Bethina,Billsberry,bbillsberry63@wunderground.com,Female,79.95.153.24
221,Shane,Poppy,spoppy64@devhub.com,Female,59.51.24.69
222,Bron,Fader,bfader65@zdnet.com,Male,35.240.80.75
223,Mortimer,Prover,mprover66@scribd.com,Male,61.238.7.4
224,Madelle,McMurty,mmcmurty67@flavors.me,Female,107.86.219.121
225,Skelly,Jardein,sjardein68@time.com,Male,115.6.64.187
226,Son,Tilmouth,stilmouth69@aboutads.info,Male,33.208.65.138
227,Kiel,Beange,kbeange6a@blogger.com,Male,62.177.220.181
228,Farrah,Pagon,fpagon6b@ehow.com,Female,53.89.145.143
229,Jasun,Leverington,jleverington6c@weibo.com,Male,238.104.140.104
230,Theda,Bigglestone,tbigglestone6d@fc2.com,Female,218.118.247.148
231,Syman,O'Donoghue,sodonoghue6e@unesco.org,Male,67.185.208.123
232,Jacqui,Thing,jthing6f@i2i.jp,Female,139.230.137.165
233,Devland,Loines,dloines6g@a8.net,Male,221.247.5.40
234,Levi,Abelovitz,labelovitz6h@accuweather.com,Male,214.134.2.15
235,Deloria,Savidge,dsavidge6i@whitehouse.gov,Female,182.255.189.183
236,Isidoro,Lawful,ilawful6j@addthis.com,Male,171.123.215.117
237,Nels,Lapre,nlapre6k@google.nl,Male,76.213.26.125
238,Zed,Woodrow,zwoodrow6l@ocn.ne.jp,Male,43.160.142.14
239,Darcy,Oseman,doseman6m@nymag.com,Male,227.60.133.225
240,Dalt,Milington,dmilington6n@stumbleupon.com,Male,199.137.252.132
241,Bertie,Fidilis,bfidilis6o@dailymail.co.uk,Female,5.253.153.234
242,Skippie,Mold,smold6p@altervista.org,Male,206.231.116.189
243,Graeme,Griffiths,ggriffiths6q@harvard.edu,Male,201.25.79.121
244,Dinny,Agerskow,dagerskow6r@chron.com,Female,121.243.35.208
245,Kirsten,Cassius,kcassius6s@posterous.com,Female,140.70.204.72
246,Salim,Gradly,sgradly6t@cornell.edu,Male,238.125.102.244
247,Carena,Paver,cpaver6u@toplist.cz,Female,96.153.81.189
248,Derwin,Kimmerling,dkimmerling6v@telegraph.co.uk,Male,174.167.33.176
249,Ricca,Going,rgoing6w@ed.gov,Female,91.81.121.149
250,Kassia,Bartolomeoni,kbartolomeoni6x@narod.ru,Female,22.195.82.250
251,Fleming,Wollacott,fwollacott6y@apache.org,Male,75.133.103.179
252,Viola,Mingardi,vmingardi6z@spiegel.de,Female,180.92.35.92
253,Diarmid,Lonnon,dlonnon70@toplist.cz,Male,107.172.156.113
254,Antonina,Scarff,ascarff71@princeton.edu,Female,122.116.49.200
255,Hanan,MacElharge,hmacelharge72@altervista.org,Male,45.76.53.218
256,Edan,Canaan,ecanaan73@eventbrite.com,Male,31.66.203.29
257,Blinny,Jewis,bjewis74@google.de,Female,186.221.105.151
258,Christiano,Graalmans,cgraalmans75@squidoo.com,Male,172.41.109.92
259,Joy,Caudle,jcaudle76@eepurl.com,Female,29.240.158.106
260,Tasha,Gronous,tgronous77@naver.com,Female,167.251.187.0
261,Tucker,Brouncker,tbrouncker78@berkeley.edu,Male,54.197.243.61
262,Kerk,Sackur,ksackur79@cafepress.com,Male,50.234.148.242
263,Betti,Conibeer,bconibeer7a@vistaprint.com,Female,78.34.158.143
264,Binni,Doog,bdoog7b@blogs.com,Female,236.217.49.130
265,Natalie,Summerson,nsummerson7c@dailymail.co.uk,Female,55.145.228.217
266,Burton,Sket,bsket7d@ihg.com,Male,84.79.57.216
267,Alika,McAsgill,amcasgill7e@spotify.com,Female,116.110.37.226
268,Heinrik,Eadie,headie7f@mayoclinic.com,Male,205.252.218.244
269,Laurens,Gollop,lgollop7g@yahoo.co.jp,Male,248.137.95.216
270,Tracee,Draysey,tdraysey7h@meetup.com,Female,53.87.96.24
271,Ermentrude,Dossit,edossit7i@go.com,Female,28.167.193.108
272,Bucky,Wiffler,bwiffler7j@dot.gov,Male,68.240.245.56
273,Gena,Wolfarth,gwolfarth7k@webs.com,Female,242.18.203.154
274,Katya,Semerad,ksemerad7l@eepurl.com,Female,146.164.203.145
275,Torie,Anten,tanten7m@gnu.org,Female,227.232.40.250
276,Samara,Illingworth,sillingworth7n@buzzfeed.com,Female,73.1.178.130
277,Isobel,Borgars,iborgars7o@blog.com,Female,194.65.183.86
278,Pen,Loxdale,ploxdale7p@storify.com,Female,120.130.177.143
279,Stanton,Semonin,ssemonin7q@slideshare.net,Male,18.108.4.71
280,Cherry,Hellmer,chellmer7r@wufoo.com,Female,181.135.24.131
281,Eduardo,Attarge,eattarge7s@paginegialle.it,Male,165.210.138.216
282,Jereme,Abells,jabells7t@yahoo.co.jp,Male,128.93.162.164
283,Gabbi,Hunte,ghunte7u@topsy.com,Female,31.211.34.180
284,Merry,Alessandrucci,malessandrucci7v@umich.edu,Male,213.130.7.116
285,Stephen,Lownes,slownes7w@ebay.com,Male,87.140.197.12
286,Solly,Jupp,sjupp7x@feedburner.com,Male,28.110.241.4
287,Sloan,Rego,srego7y@google.nl,Male,91.164.111.130
288,Marius,Hugill,mhugill7z@senate.gov,Male,15.115.86.249
289,Giana,Dunnett,gdunnett80@tuttocitta.it,Female,221.40.174.167
290,Bogey,Krolak,bkrolak81@smh.com.au,Male,93.108.116.80
291,Minette,Peat,mpeat82@seesaa.net,Female,71.96.65.74
292,Estel,Vankov,evankov83@phoca.cz,Female,103.70.21.3
293,Caye,Cund,ccund84@who.int,Female,188.255.138.159
294,Mella,Skeleton,mskeleton85@delicious.com,Female,204.66.49.179
295,Tony,Dagnan,tdagnan86@lulu.com,Female,231.15.240.65
296,Alayne,Sparrowe,asparrowe87@github.io,Female,88.101.75.235
297,Melisent,Howle,mhowle88@answers.com,Female,91.20.97.137
298,Lola,Hessle,lhessle89@hostgator.com,Female,48.156.52.69
299,Jermayne,Shurman,jshurman8a@google.com,Male,20.147.85.240
300,Ritchie,Ruppertz,rruppertz8b@biblegateway.com,Male,14.99.83.235
301,Ario,Clabburn,aclabburn8c@guardian.co.uk,Male,148.134.243.157
302,Virgie,Pardie,vpardie8d@mayoclinic.com,Female,71.249.8.45
303,Elfie,Leece,eleece8e@skype.com,Female,122.32.185.128
304,Ki,Haselden,khaselden8f@ucsd.edu,Female,69.138.97.101
305,Saunders,Chislett,schislett8g@springer.com,Male,117.243.117.105
306,Ferrel,Gorgen,fgorgen8h@google.com.hk,Male,105.1.236.254
307,Druci,Gillebride,dgillebride8i@noaa.gov,Female,157.163.51.28
308,Dorelle,Swyre,dswyre8j@mtv.com,Female,166.21.19.87
309,Josias,Mebs,jmebs8k@comsenz.com,Male,211.155.132.189
310,Hamlin,Beranek,hberanek8l@vistaprint.com,Male,251.226.88.186
311,Bev,Swindells,bswindells8m@vimeo.com,Male,2.140.149.48
312,Agna,Lendon,alendon8n@icq.com,Female,44.237.196.203
313,Sapphira,Dedon,sdedon8o@example.com,Female,194.32.92.49
314,Skyler,Tregenna,stregenna8p@noaa.gov,Male,138.7.31.35
315,Wally,Ollcott,wollcott8q@infoseek.co.jp,Male,143.157.165.115
316,Tova,Moorey,tmoorey8r@shutterfly.com,Female,0.139.155.220
317,Alta,Blockley,ablockley8s@scribd.com,Female,5.104.210.100
318,Jarrett,Shannon,jshannon8t@istockphoto.com,Male,207.184.65.137
319,Judie,Colbeck,jcolbeck8u@wunderground.com,Female,74.189.193.64
320,Ardelis,Dionis,adionis8v@dailymotion.com,Female,89.134.71.63
321,Dannye,Guyver,dguyver8w@typepad.com,Female,111.179.250.14
322,Christy,Rudge,crudge8x@redcross.org,Male,21.210.8.215
323,Monte,Moffat,mmoffat8y@netlog.com,Male,147.212.245.60
324,Margaretha,De Hoogh,mdehoogh8z@discovery.com,Female,224.200.23.138
325,Ariadne,Videler,avideler90@mlb.com,Female,216.157.47.156
326,Hardy,Sine,hsine91@tripod.com,Male,55.16.178.156
327,Audie,Landeg,alandeg92@geocities.com,Female,225.5.255.252
328,Creight,St. John,cstjohn93@google.com.hk,Male,241.25.134.88
329,Jonathon,Kenelin,jkenelin94@indiegogo.com,Male,154.21.140.96
330,Talbert,Caccavella,tcaccavella95@amazon.co.jp,Male,125.179.222.98
331,Desdemona,Chang,dchang96@sakura.ne.jp,Female,28.232.223.181
332,Brook,Mason,bmason97@dot.gov,Male,177.53.67.173
333,Quincy,Stuer,qstuer98@intel.com,Male,52.175.110.180
334,Ham,Churchyard,hchurchyard99@deviantart.com,Male,98.215.92.52
335,Teddie,Cowherd,tcowherd9a@chicagotribune.com,Female,169.134.187.121
336,Giralda,Loyley,gloyley9b@xing.com,Female,130.71.1.60
337,Kath,Algy,kalgy9c@mashable.com,Female,197.11.32.90
338,Evelyn,Spellsworth,espellsworth9d@uol.com.br,Female,108.211.161.72
339,Donielle,Braithwaite,dbraithwaite9e@sakura.ne.jp,Female,206.215.219.189
340,Raimondo,Myles,rmyles9f@rediff.com,Male,214.175.67.117
341,Gwendolyn,Shyres,gshyres9g@mozilla.org,Female,111.53.211.151
342,Emmett,Halls,ehalls9h@gizmodo.com,Male,91.10.144.215
343,Luella,Catanheira,lcatanheira9i@scientificamerican.com,Female,45.114.121.31
344,Jervis,Ebenezer,jebenezer9j@tamu.edu,Male,108.10.66.107
345,Alasteir,Seagrave,aseagrave9k@prweb.com,Male,143.185.194.19
346,Osbert,Fairchild,ofairchild9l@prweb.com,Male,169.154.123.20
347,Sophi,Knight,sknight9m@artisteer.com,Female,221.236.165.230
348,Kris,Kosiada,kkosiada9n@free.fr,Female,90.88.38.173
349,Lulita,Pomroy,lpomroy9o@hubpages.com,Female,85.187.246.52
350,Gerald,Siemandl,gsiemandl9p@etsy.com,Male,138.49.139.73
351,Dorree,Castangia,dcastangia9q@irs.gov,Female,108.165.235.203
352,Murial,Lymer,mlymer9r@oakley.com,Female,25.111.4.29
353,Earl,Jeeks,ejeeks9s@wikia.com,Male,235.35.78.93
354,Mattias,Lufkin,mlufkin9t@oaic.gov.au,Male,42.7.34.62
355,Petr,Castaner,pcastaner9u@hp.com,Male,178.156.180.144
356,Torre,Bracey,tbracey9v@artisteer.com,Male,112.146.244.183
357,Gabrila,Knipe,gknipe9w@who.int,Female,15.165.55.180
358,Mathe,Dulanty,mdulanty9x@globo.com,Male,74.238.112.236
359,Brennen,Broomer,bbroomer9y@upenn.edu,Male,103.76.79.107
360,Tully,Pearlman,tpearlman9z@qq.com,Male,25.129.182.173
361,Luther,Butland,lbutlanda0@tmall.com,Male,34.84.218.76
362,Elisabetta,Chalker,echalkera1@cbsnews.com,Female,75.109.251.87
363,Julee,Yglesia,jyglesiaa2@imageshack.us,Female,143.250.160.131
364,Jeanne,Jayne,jjaynea3@squidoo.com,Female,26.136.224.219
365,Bebe,Ludvigsen,bludvigsena4@liveinternet.ru,Female,95.58.228.245
366,Farlee,Issacson,fissacsona5@netscape.com,Male,72.179.251.101
367,Denna,Eskriet,deskrieta6@webnode.com,Female,141.83.92.137
368,Audry,Burrus,aburrusa7@dot.gov,Female,169.113.107.51
369,Johnath,Antonopoulos,jantonopoulosa8@uiuc.edu,Female,50.17.57.104
370,Cort,Kenion,ckeniona9@patch.com,Male,222.181.204.140
371,Marlee,Margetson,mmargetsonaa@msn.com,Female,165.223.6.85
372,Clementius,Coltherd,ccoltherdab@live.com,Male,126.175.253.102
373,Orsola,Thay,othayac@chronoengine.com,Female,137.172.205.109
374,Debbie,Kolodziejski,dkolodziejskiad@usgs.gov,Female,203.51.25.149
375,Edee,Basnett,ebasnettae@surveymonkey.com,Female,223.249.249.243
376,Addia,Nelthropp,anelthroppaf@chron.com,Female,68.37.250.178
377,Hamish,Bunton,hbuntonag@wisc.edu,Male,34.228.80.32
378,Georgianne,Sammars,gsammarsah@oakley.com,Female,101.87.174.166
379,Berna,Tremberth,btremberthai@dion.ne.jp,Female,50.195.69.227
380,Crosby,Evill,cevillaj@elpais.com,Male,146.235.173.224
381,Kristo,Thomasson,kthomassonak@cafepress.com,Male,16.248.190.127
382,Dorrie,Elener,deleneral@latimes.com,Female,108.244.69.39
383,Thorstein,Achromov,tachromovam@blogtalkradio.com,Male,127.126.123.109
384,Thebault,McAster,tmcasteran@lulu.com,Male,58.65.148.20
385,Mick,Brookwood,mbrookwoodao@symantec.com,Male,68.36.224.121
386,Antone,Schlag,aschlagap@vk.com,Male,153.99.59.201
387,Josiah,Betun,jbetunaq@drupal.org,Male,250.129.57.173
388,Floris,McVeagh,fmcveaghar@npr.org,Female,104.62.144.239
389,Pen,Bellas,pbellasas@mashable.com,Male,146.91.198.86
390,Carlyle,Harmon,charmonat@nasa.gov,Male,174.76.22.58
391,Harold,Fosh,hfoshau@google.cn,Male,203.253.121.25
392,Kirsteni,Kingshott,kkingshottav@sphinn.com,Female,182.124.110.33
393,Farrel,Debnam,fdebnamaw@hubpages.com,Male,78.125.120.23
394,Carlita,Eaves,ceavesax@prnewswire.com,Female,136.5.42.154
395,Walden,Gettens,wgettensay@apache.org,Male,52.72.222.119
396,Elvin,Ramstead,eramsteadaz@usgs.gov,Male,193.188.5.160
397,Karlis,Arrundale,karrundaleb0@twitter.com,Male,115.204.44.189
398,Ava,Kristiansen,akristiansenb1@cnn.com,Female,150.124.12.16
399,Danette,Balma,dbalmab2@mail.ru,Female,147.111.158.69
400,Johanna,Gane,jganeb3@about.me,Female,202.16.190.218
401,Ricki,Stuckford,rstuckfordb4@yahoo.co.jp,Male,213.143.79.172
402,Josias,Arnold,jarnoldb5@who.int,Male,244.190.100.139
403,Rudy,Charlwood,rcharlwoodb6@skype.com,Male,190.184.144.82
404,Jacobo,Brotherton,jbrothertonb7@soundcloud.com,Male,101.20.26.165
405,Alon,Hambrick,ahambrickb8@twitpic.com,Male,32.29.31.88
406,Jimmy,Witherbed,jwitherbedb9@zdnet.com,Male,183.130.232.254
407,Claus,McCulloch,cmccullochba@deliciousdays.com,Male,58.137.142.189
408,Simonne,Yakebovich,syakebovichbb@nasa.gov,Female,68.95.230.147
409,Paddie,Pressdee,ppressdeebc@flickr.com,Male,86.203.21.83
410,Ingamar,Haverson,ihaversonbd@pagesperso-orange.fr,Male,172.99.86.152
411,Bearnard,Brunsden,bbrunsdenbe@washington.edu,Male,105.215.244.131
412,Sam,Sabatier,ssabatierbf@nps.gov,Male,82.125.118.74
413,Ulrika,Marrion,umarrionbg@senate.gov,Female,166.91.8.192
414,Mallorie,Pinnere,mpinnerebh@chron.com,Female,25.231.147.254
415,Gregorius,Lyal,glyalbi@ow.ly,Male,89.237.59.116
416,Hyman,Cutten,hcuttenbj@51.la,Male,115.169.191.124
417,Gothart,Aitchison,gaitchisonbk@examiner.com,Male,79.63.66.218
418,Jasen,Georger,jgeorgerbl@disqus.com,Male,151.46.12.208
419,Kalila,Beves,kbevesbm@miibeian.gov.cn,Female,225.53.105.150
420,Cthrine,Allot,callotbn@bloglines.com,Female,122.236.100.18
421,Regen,Murcott,rmurcottbo@php.net,Male,181.219.108.186
422,Debera,Tittershill,dtittershillbp@kickstarter.com,Female,117.100.181.7
423,Doralia,Goodbar,dgoodbarbq@digg.com,Female,149.150.75.103
424,Tallie,Boorn,tboornbr@ning.com,Male,157.179.172.42
425,Fonzie,Leney,fleneybs@blogspot.com,Male,23.223.173.86
426,Lise,Risman,lrismanbt@google.com.au,Female,145.109.89.207
427,Bettye,Slewcock,bslewcockbu@newyorker.com,Female,175.57.15.148
428,Fawnia,Wolfendell,fwolfendellbv@cargocollective.com,Female,162.119.168.225
429,Thayne,Brunsden,tbrunsdenbw@acquirethisname.com,Male,17.0.79.178
430,Dagny,Hedgeley,dhedgeleybx@irs.gov,Male,54.215.113.159
431,Allister,Chapelhow,achapelhowby@cisco.com,Male,151.121.177.115
432,Bjorn,Gaffney,bgaffneybz@ebay.com,Male,29.241.238.52
433,Otho,Lofty,oloftyc0@lulu.com,Male,6.150.78.158
434,Noel,Clemensen,nclemensenc1@booking.com,Male,6.196.109.246
435,Shelagh,Heers,sheersc2@fastcompany.com,Female,42.28.212.1
436,Yance,Phillipson,yphillipsonc3@netlog.com,Male,93.49.242.237
437,Juliana,Muglestone,jmuglestonec4@csmonitor.com,Female,45.207.221.135
438,Constantin,Coulthurst,ccoulthurstc5@nationalgeographic.com,Male,44.123.235.160
439,Tina,Sleet,tsleetc6@istockphoto.com,Female,104.214.169.233
440,Ryann,Mocher,rmocherc7@gravatar.com,Female,10.143.125.116
441,Maximo,Clemmow,mclemmowc8@disqus.com,Male,116.103.78.91
442,Woodman,Whetson,wwhetsonc9@rambler.ru,Male,72.129.247.226
443,Judas,Bindin,jbindinca@oakley.com,Male,155.182.143.39
444,Dov,Tschierse,dtschiersecb@github.io,Male,59.183.82.32
445,Mikel,Taill,mtaillcc@godaddy.com,Male,84.103.192.50
446,Murvyn,Folley,mfolleycd@aol.com,Male,123.130.34.155
447,Sophi,Whoston,swhostonce@discuz.net,Female,242.102.26.125
448,Damian,Hounsom,dhounsomcf@disqus.com,Male,186.170.37.70
449,Rafa,Tulloch,rtullochcg@hc360.com,Female,158.167.51.212
450,Hymie,Scarce,hscarcech@economist.com,Male,137.115.111.86
451,Verla,Stable,vstableci@usnews.com,Female,35.12.176.176
452,Valaree,Hake,vhakecj@home.pl,Female,43.169.58.42
453,Gustave,Anersen,ganersenck@bigcartel.com,Male,192.65.24.53
454,Sanderson,Collings,scollingscl@admin.ch,Male,130.208.127.218
455,Cornelius,Ghiraldi,cghiraldicm@jalbum.net,Male,158.39.175.110
456,Venita,Benza,vbenzacn@shutterfly.com,Female,184.61.98.130
457,Kale,Lambird,klambirdco@opensource.org,Male,239.189.244.156
458,Cathlene,Bourtoumieux,cbourtoumieuxcp@i2i.jp,Female,163.212.3.225
459,Ruth,Clooney,rclooneycq@trellian.com,Female,37.23.148.24
460,Wanda,Broseman,wbrosemancr@java.com,Female,153.26.80.232
461,Hannie,Feuell,hfeuellcs@squarespace.com,Female,239.74.167.188
462,Garrik,Bettley,gbettleyct@stanford.edu,Male,239.254.138.229
463,Demetrius,Suffe,dsuffecu@eventbrite.com,Male,72.211.143.22
464,Renard,Penhall,rpenhallcv@topsy.com,Male,178.237.203.50
465,Gabi,Eyree,geyreecw@flavors.me,Female,121.171.212.226
466,Gard,Faucherand,gfaucherandcx@a8.net,Male,183.130.43.118
467,Mahmud,Ruggieri,mruggiericy@tamu.edu,Male,223.31.108.216
468,Ozzie,Caulfield,ocaulfieldcz@themeforest.net,Male,60.241.208.103
469,Ewart,Dudding,eduddingd0@mozilla.com,Male,27.172.85.122
470,Angelika,Purcell,apurcelld1@behance.net,Female,188.83.60.186
471,Daryl,Sheach,dsheachd2@state.gov,Female,67.59.7.60
472,Freddie,Dunsmore,fdunsmored3@4shared.com,Female,251.111.55.146
473,Gardner,Brazear,gbrazeard4@printfriendly.com,Male,120.57.118.169
474,Osbert,Joskowicz,ojoskowiczd5@youtube.com,Male,99.50.121.84
475,Gustavus,Mote,gmoted6@microsoft.com,Male,105.115.36.151
476,Janith,Valentine,jvalentined7@dropbox.com,Female,60.83.44.148
477,Freeman,Lukehurst,flukehurstd8@sakura.ne.jp,Male,244.226.64.210
478,Zachariah,Burnyate,zburnyated9@ucla.edu,Male,191.119.169.69
479,Frayda,Fearne,ffearneda@eventbrite.com,Female,221.247.152.95
480,Christyna,Schimke,cschimkedb@mediafire.com,Female,95.233.224.27
481,David,de Leon,ddeleondc@netlog.com,Male,252.65.46.49
482,Mady,Coppenhall,mcoppenhalldd@unblog.fr,Female,101.193.21.181
483,Petr,Eales,pealesde@4shared.com,Male,167.71.230.74
484,Fanya,Fowley,ffowleydf@bandcamp.com,Female,173.249.156.135
485,Amery,Grinsted,agrinsteddg@posterous.com,Male,33.86.252.48
486,Dilly,Cogman,dcogmandh@gnu.org,Male,96.61.94.181
487,Shelton,O'Neal,sonealdi@51.la,Male,129.218.50.99
488,Thaddus,Pollett,tpollettdj@usgs.gov,Male,133.8.87.114
489,Muffin,Storck,mstorckdk@shareasale.com,Female,18.159.44.249
490,Birk,Simonassi,bsimonassidl@oakley.com,Male,200.112.186.245
491,Alayne,Runsey,arunseydm@blogtalkradio.com,Female,0.251.24.140
492,Mellie,Harrison,mharrisondn@youtu.be,Female,135.246.113.196
493,Valle,Baudet,vbaudetdo@npr.org,Male,115.79.18.37
494,Godard,Hadeke,ghadekedp@who.int,Male,21.9.251.195
495,Shanna,Forge,sforgedq@unc.edu,Female,251.0.45.99
496,Ursala,Culham,uculhamdr@google.es,Female,113.241.183.232
497,Neville,Lafranconi,nlafranconids@amazon.de,Male,112.48.160.73
498,Danila,Gluyas,dgluyasdt@buzzfeed.com,Female,111.164.111.219
499,Priscilla,McAllester,pmcallesterdu@sourceforge.net,Female,184.106.99.23
500,Ileane,Buckenhill,ibuckenhilldv@imdb.com,Female,225.148.158.132
501,Rhys,Staves,rstavesdw@toplist.cz,Male,67.33.165.41
502,Carie,Simonyi,csimonyidx@godaddy.com,Female,213.243.26.102
503,Mallory,Grief,mgriefdy@sfgate.com,Female,198.98.241.192
504,Brandy,McDell,bmcdelldz@vinaora.com,Male,81.67.18.152
505,Nicholas,Blasl,nblasle0@yahoo.co.jp,Male,181.86.108.240
506,Lek,Whoolehan,lwhoolehane1@seesaa.net,Male,202.109.172.169
507,Clyve,Priddey,cpriddeye2@naver.com,Male,14.138.104.232
508,Derron,Giffen,dgiffene3@google.fr,Male,168.155.107.95
509,Margaux,Saye,msayee4@webmd.com,Female,72.233.87.127
510,Avigdor,Cadore,acadoree5@auda.org.au,Male,223.226.224.222
511,Cecilia,Farrant,cfarrante6@typepad.com,Female,124.233.45.242
512,Julia,Brimson,jbrimsone7@bing.com,Female,17.151.133.9
513,Bren,Hovel,bhovele8@columbia.edu,Male,133.238.63.3
514,Iorgo,Giorgielli,igiorgiellie9@cmu.edu,Male,20.246.81.112
515,Morty,Monkman,mmonkmanea@woothemes.com,Male,146.164.145.41
516,Stace,Oldham,soldhameb@github.com,Female,142.19.127.178
517,Waylon,Tollemache,wtollemacheec@deviantart.com,Male,91.109.183.77
518,Jorgan,Hargreave,jhargreaveed@amazon.de,Male,185.86.254.116
519,Dena,Jenson,djensonee@ycombinator.com,Female,95.40.213.154
520,Analiese,Cadding,acaddingef@hubpages.com,Female,96.252.143.222
521,Dominick,Goroni,dgoronieg@bbb.org,Male,237.251.16.94
522,Gallagher,Skaife d'Ingerthorpe,gskaifedingerthorpeeh@histats.com,Male,219.37.18.227
523,Jephthah,Hillyatt,jhillyattei@hexun.com,Male,164.149.94.183
524,Batholomew,Clayfield,bclayfieldej@aol.com,Male,69.238.196.76
525,Ashbey,Moring,amoringek@foxnews.com,Male,161.149.229.98
526,Scarface,Kingshott,skingshottel@amazonaws.com,Male,99.77.55.236
527,Vera,Terney,vterneyem@weibo.com,Female,166.234.67.126
528,Werner,Bedham,wbedhamen@wunderground.com,Male,110.97.139.204
529,Christy,Huygens,chuygenseo@qq.com,Male,225.12.175.245
530,Jamey,Samsonsen,jsamsonsenep@about.com,Male,3.135.244.78
531,Ari,Lechelle,alechelleeq@berkeley.edu,Male,224.126.149.65
532,Doria,Roache,droacheer@xing.com,Female,102.109.233.24
533,Alfreda,Lowing,alowinges@shinystat.com,Female,34.134.227.69
534,Leslie,Gruszka,lgruszkaet@java.com,Male,84.14.206.133
535,Ardene,Kubiczek,akubiczekeu@cbc.ca,Female,130.40.208.151
536,Rodney,Livick,rlivickev@geocities.com,Male,36.152.244.87
537,Romola,McIlheran,rmcilheranew@dagondesign.com,Female,16.31.246.234
538,Cam,Jachtym,cjachtymex@storify.com,Male,196.153.206.14
539,Giles,Kobiela,gkobielaey@vistaprint.com,Male,41.245.120.244
540,Gayla,Goodisson,ggoodissonez@pen.io,Female,129.165.27.200
541,Woody,Ickovici,wickovicif0@shareasale.com,Male,108.236.251.139
542,Selma,Dreye,sdreyef1@bizjournals.com,Female,17.13.75.14
543,Bella,MacEntee,bmacenteef2@un.org,Female,76.235.179.71
544,Riccardo,Mankor,rmankorf3@nsw.gov.au,Male,1.125.43.113
545,Lizzie,Ivasyushkin,livasyushkinf4@technorati.com,Female,61.8.234.79
546,Roi,Jurn,rjurnf5@so-net.ne.jp,Male,38.97.165.177
547,Liesa,Linzey,llinzeyf6@cnn.com,Female,212.153.235.36
548,Granny,Rainforth,grainforthf7@discovery.com,Male,34.175.140.38
549,Stefanie,Bealton,sbealtonf8@independent.co.uk,Female,10.58.51.64
550,Frasquito,Davidwitz,fdavidwitzf9@joomla.org,Male,105.41.49.159
551,Noelani,Offin,noffinfa@goo.gl,Female,73.64.131.94
552,Grazia,Gallaccio,ggallacciofb@slideshare.net,Female,101.227.205.209
553,Kayne,Zannotti,kzannottifc@blogs.com,Male,163.145.15.32
554,Camella,Harroway,charrowayfd@spotify.com,Female,24.166.123.108
555,Fonz,Vandenhoff,fvandenhofffe@ow.ly,Male,58.83.67.133
556,Neale,Menelaws,nmenelawsff@independent.co.uk,Male,140.226.40.69
557,Raynard,Ebbotts,rebbottsfg@cornell.edu,Male,46.58.186.168
558,Stephan,Ruberry,sruberryfh@icq.com,Male,96.72.13.49
559,Judith,Armfirld,jarmfirldfi@diigo.com,Female,7.115.144.84
560,Bartholomeus,Widdowson,bwiddowsonfj@addthis.com,Male,44.63.157.229
561,Wandis,Gummer,wgummerfk@apple.com,Female,18.244.16.239
562,Laureen,Edelman,ledelmanfl@theatlantic.com,Female,233.161.112.55
563,Kizzie,Chapellow,kchapellowfm@angelfire.com,Female,182.212.202.54
564,Daryn,Livard,dlivardfn@google.cn,Female,97.39.111.160
565,Lou,Trevenu,ltrevenufo@elegantthemes.com,Male,246.7.12.206
566,Michaella,Seif,mseiffp@soundcloud.com,Female,128.9.236.111
567,Kendall,Pantry,kpantryfq@statcounter.com,Male,249.101.220.228
568,Ema,Reynoldson,ereynoldsonfr@furl.net,Female,105.223.21.143
569,Carolan,Standering,cstanderingfs@unblog.fr,Female,203.179.166.123
570,Babita,Middlebrook,bmiddlebrookft@msn.com,Female,197.87.72.154
571,Kassie,Van Merwe,kvanmerwefu@globo.com,Female,198.87.22.6
572,Merv,Georg,mgeorgfv@posterous.com,Male,199.87.213.168
573,Ulrikaumeko,Mattingson,umattingsonfw@samsung.com,Female,23.180.18.166
574,Celine,Towse,ctowsefx@geocities.com,Female,15.219.99.161
575,Felic,Musgrave,fmusgravefy@reuters.com,Male,83.68.255.7
576,Eyde,Ruthen,eruthenfz@shutterfly.com,Female,119.187.117.241
577,Lyn,Glaisner,lglaisnerg0@va.gov,Female,211.110.183.46
578,Suzann,Urvoy,survoyg1@example.com,Female,170.164.168.99
579,Eric,Gauson,egausong2@imageshack.us,Male,94.175.6.253
580,Sarette,Ziehm,sziehmg3@unblog.fr,Female,81.79.141.19
581,Alf,Barden,abardeng4@ask.com,Male,57.238.94.79
582,Cassie,Duncklee,cdunckleeg5@yellowbook.com,Male,141.176.153.43
583,Iorgos,Wybrow,iwybrowg6@reverbnation.com,Male,46.201.234.142
584,Nanete,Fido,nfidog7@sogou.com,Female,61.210.76.44
585,Karoly,Jagson,kjagsong8@illinois.edu,Female,232.32.115.163
586,Sarge,Milby,smilbyg9@adobe.com,Male,180.64.189.191
587,Celeste,Ayce,caycega@thetimes.co.uk,Female,155.81.11.245
588,Anderson,Sterricker,asterrickergb@cargocollective.com,Male,164.28.33.126
589,Dolly,Woolbrook,dwoolbrookgc@java.com,Female,9.48.232.61
590,Jarrad,Bole,jbolegd@thetimes.co.uk,Male,235.207.202.142
591,Asa,Benting,abentingge@jalbum.net,Male,22.226.185.79
592,Willdon,covino,wcovinogf@xing.com,Male,72.189.69.252
593,Maddalena,Burnsall,mburnsallgg@webeden.co.uk,Female,113.108.78.79
594,Montague,Thomas,mthomasgh@dailymotion.com,Male,195.147.15.133
595,Micheil,Dalgarnocht,mdalgarnochtgi@freewebs.com,Male,82.87.131.223
596,Estrellita,Carbry,ecarbrygj@google.nl,Female,46.99.50.183
597,Jacynth,Broadbear,jbroadbeargk@nih.gov,Female,53.140.39.127
598,Raoul,Flintoft,rflintoftgl@mapquest.com,Male,88.108.3.151
599,Gage,Quig,gquiggm@godaddy.com,Male,81.63.238.83
600,Costa,Ince,cincegn@utexas.edu,Male,248.53.36.163
601,Domenico,Wandrach,dwandrachgo@cisco.com,Male,5.233.131.183
602,Elva,Oulet,eouletgp@123-reg.co.uk,Female,32.174.73.139
603,Pierce,Tessyman,ptessymangq@sourceforge.net,Male,67.40.132.165
604,Luciano,Honnicott,lhonnicottgr@virginia.edu,Male,222.104.136.206
605,Nathanil,Pettiward,npettiwardgs@t.co,Male,22.225.200.57
606,Ximenes,Grono,xgronogt@flickr.com,Male,51.31.124.244
607,Caron,Beningfield,cbeningfieldgu@alibaba.com,Female,162.95.210.92
608,Duffy,Twamley,dtwamleygv@cloudflare.com,Male,85.126.57.103
609,Kerby,Winchcombe,kwinchcombegw@sourceforge.net,Male,241.187.164.107
610,Meryl,Cobley,mcobleygx@globo.com,Female,62.202.110.47
611,Gerladina,Frenchum,gfrenchumgy@bigcartel.com,Female,213.224.80.176
612,Davida,Avis,davisgz@ask.com,Female,199.153.130.87
613,Gladys,Bareham,gbarehamh0@sfgate.com,Female,111.241.155.226
614,Carlita,MacMaster,cmacmasterh1@weather.com,Female,227.253.142.222
615,Annice,Towsie,atowsieh2@over-blog.com,Female,45.66.202.62
616,Stu,Kiera,skierah3@facebook.com,Male,111.110.38.218
617,Del,Lacroix,dlacroixh4@globo.com,Male,238.247.177.97
618,Roxanne,Sharpe,rsharpeh5@imdb.com,Female,79.26.184.125
619,Barnett,MacCaughan,bmaccaughanh6@sourceforge.net,Male,140.121.132.112
620,Denver,Delort,ddelorth7@aboutads.info,Male,242.252.47.156
621,Muffin,Mum,mmumh8@unicef.org,Female,160.122.59.242
622,Elladine,Sweetenham,esweetenhamh9@marketwatch.com,Female,249.192.134.159
623,Lind,Philipsen,lphilipsenha@exblog.jp,Male,250.104.56.196
624,Thibaut,Jickells,tjickellshb@skype.com,Male,46.156.86.79
625,Hilly,Van der Brug,hvanderbrughc@usda.gov,Male,87.76.132.95
626,Alvan,Hawsby,ahawsbyhd@harvard.edu,Male,218.239.126.150
627,Mike,Timpany,mtimpanyhe@home.pl,Male,161.207.100.71
628,Ethelyn,Maylard,emaylardhf@sciencedaily.com,Female,75.0.152.63
629,Inessa,Batrip,ibatriphg@livejournal.com,Female,30.205.174.175
630,Hamel,Shirland,hshirlandhh@sphinn.com,Male,120.243.89.249
631,Garold,Oakden,goakdenhi@51.la,Male,16.76.232.97
632,Caspar,Fanthome,cfanthomehj@bluehost.com,Male,199.194.193.114
633,Stephana,Martinez,smartinezhk@nba.com,Female,167.49.164.230
634,Ruperto,Tarquini,rtarquinihl@symantec.com,Male,199.75.201.84
635,Sibyl,Theze,sthezehm@cargocollective.com,Male,203.213.250.77
636,Devinne,Connop,dconnophn@timesonline.co.uk,Female,178.88.55.83
637,Marve,Purnell,mpurnellho@comcast.net,Male,66.43.173.159
638,Monika,Tesh,mteshhp@earthlink.net,Female,213.28.116.15
639,Lyssa,Likely,llikelyhq@dagondesign.com,Female,44.204.255.233
640,Mariellen,Daintith,mdaintithhr@disqus.com,Female,155.221.167.207
641,Kaleb,Haggath,khaggathhs@issuu.com,Male,84.93.192.168
642,Karoly,Odd,koddht@youtube.com,Male,161.53.231.160
643,Abby,Sherlaw,asherlawhu@vinaora.com,Female,165.172.209.223
644,Brok,Langrick,blangrickhv@businesswire.com,Male,82.10.182.36
645,Barbara-anne,Canniffe,bcanniffehw@twitter.com,Female,39.160.180.217
646,Clarissa,Sampey,csampeyhx@chicagotribune.com,Female,201.98.125.243
647,Andreas,Postill,apostillhy@twitter.com,Male,178.241.66.165
648,Lucina,MacAlester,lmacalesterhz@istockphoto.com,Female,197.9.33.135
649,Cheryl,Esparza,cesparzai0@uiuc.edu,Female,112.26.81.206
650,Gradeigh,Keinrat,gkeinrati1@ask.com,Male,100.209.247.188
651,Redd,Ivanenkov,rivanenkovi2@amazonaws.com,Male,153.221.155.185
652,Allsun,Strood,astroodi3@epa.gov,Female,124.79.169.15
653,Newton,Gligorijevic,ngligorijevici4@furl.net,Male,71.88.224.241
654,Chucho,Kobes,ckobesi5@elpais.com,Male,7.166.219.170
655,Tuck,Dymond,tdymondi6@jimdo.com,Male,87.16.201.85
656,Sonnie,Jorin,sjorini7@fastcompany.com,Female,90.145.143.172
657,Gerry,Thunderman,gthundermani8@phpbb.com,Male,3.109.166.206
658,Nikoletta,Duesberry,nduesberryi9@infoseek.co.jp,Female,180.94.184.23
659,Gisela,Earthfield,gearthfieldia@google.es,Female,83.161.166.0
660,Bartram,Hawke,bhawkeib@skyrock.com,Male,247.101.251.57
661,Faunie,Kearton,fkeartonic@redcross.org,Female,165.110.246.14
662,Kath,Schooley,kschooleyid@archive.org,Female,76.218.171.56
663,Dynah,Sinnett,dsinnettie@java.com,Female,225.196.236.86
664,Allayne,Meth,amethif@ed.gov,Male,127.127.97.5
665,Martainn,Mecco,mmeccoig@wikimedia.org,Male,47.210.134.97
666,Linoel,Ewin,lewinih@webs.com,Male,91.191.117.131
667,Guinna,Bezant,gbezantii@answers.com,Female,245.52.198.131
668,Kore,Custance,kcustanceij@addthis.com,Female,29.86.120.180
669,Cristi,Bassindale,cbassindaleik@redcross.org,Female,22.194.97.192
670,Dulsea,Keele,dkeeleil@wisc.edu,Female,225.170.113.50
671,Adria,Smerdon,asmerdonim@hc360.com,Female,151.7.3.134
672,Cahra,Binney,cbinneyin@technorati.com,Female,211.215.243.25
673,Calvin,Darrigone,cdarrigoneio@webmd.com,Male,116.0.41.10
674,Meridith,Dunseath,mdunseathip@walmart.com,Female,150.0.207.122
675,Elnore,Stiling,estilingiq@dot.gov,Female,208.181.68.228
676,Griffy,Jarritt,gjarrittir@cisco.com,Male,16.189.207.52
677,Ole,Cockerton,ocockertonis@flavors.me,Male,163.237.187.91
678,Waring,Gaze,wgazeit@unicef.org,Male,205.23.222.25
679,Roma,Gabey,rgabeyiu@example.com,Male,128.174.54.64
680,Lesly,Haville,lhavilleiv@cafepress.com,Female,199.17.31.119
681,Boony,Dymond,bdymondiw@patch.com,Male,82.101.219.207
682,Quint,Kincey,qkinceyix@telegraph.co.uk,Male,96.25.169.232
683,Tansy,Whitta,twhittaiy@is.gd,Female,253.181.75.28
684,Emili,Oakshott,eoakshottiz@tiny.cc,Female,78.131.128.35
685,Merilee,Arnke,marnkej0@nymag.com,Female,194.192.163.177
686,Cortie,Josskoviz,cjosskovizj1@mozilla.com,Male,95.71.145.37
687,Wendel,Dwyer,wdwyerj2@netvibes.com,Male,175.184.33.14
688,Alleyn,Ames,aamesj3@newsvine.com,Male,163.189.84.141
689,Howie,Spowart,hspowartj4@alexa.com,Male,198.89.152.178
690,Myranda,Fairfull,mfairfullj5@g.co,Female,21.203.177.75
691,Roanne,Thurling,rthurlingj6@blogs.com,Female,83.84.1.240
692,Bonni,Carette,bcarettej7@google.fr,Female,121.72.201.247
693,Bibbye,Warrick,bwarrickj8@yahoo.com,Female,74.82.73.183
694,Krysta,Fores,kforesj9@tamu.edu,Female,194.93.246.194
695,Basilius,Cowderay,bcowderayja@cyberchimps.com,Male,218.175.247.148
696,Brocky,Swanne,bswannejb@prlog.org,Male,153.240.139.56
697,Jerrie,Clair,jclairjc@icio.us,Male,153.231.61.127
698,Devon,Midlane,dmidlanejd@storify.com,Female,39.108.98.50
699,Aksel,Fender,afenderje@simplemachines.org,Male,124.86.39.86
700,Frasier,Rubert,frubertjf@xing.com,Male,226.23.135.119
701,Rowen,Pyle,rpylejg@apache.org,Male,46.170.83.230
702,Beale,Borsay,bborsayjh@disqus.com,Male,212.79.56.151
703,Roderigo,Hause,rhauseji@ox.ac.uk,Male,130.65.165.89
704,Josefina,Alvis,jalvisjj@harvard.edu,Female,5.252.96.245
705,Corrianne,Wakeman,cwakemanjk@spiegel.de,Female,84.201.127.70
706,Giustino,Millberg,gmillbergjl@arizona.edu,Male,159.143.43.186
707,Ari,Moulder,amoulderjm@npr.org,Male,39.150.176.25
708,Roselle,Cyphus,rcyphusjn@wsj.com,Female,9.179.240.98
709,Lolly,Coultish,lcoultishjo@hc360.com,Female,234.254.187.235
710,Roze,Bram,rbramjp@timesonline.co.uk,Female,62.94.163.64
711,Nathalia,Decruse,ndecrusejq@seesaa.net,Female,61.5.120.213
712,Rozalie,Nickels,rnickelsjr@hp.com,Female,27.146.64.114
713,Rhody,Wychard,rwychardjs@xrea.com,Female,81.132.131.218
714,Kermy,McCudden,kmccuddenjt@google.com.au,Male,117.123.91.48
715,Byran,Treker,btrekerju@deliciousdays.com,Male,180.208.66.129
716,Kora,Haggath,khaggathjv@theatlantic.com,Female,31.216.206.79
717,Linnea,Walbrun,lwalbrunjw@parallels.com,Female,172.80.83.216
718,Zared,Kharchinski,zkharchinskijx@dedecms.com,Male,81.156.176.107
719,Tripp,Allington,tallingtonjy@bloglines.com,Male,84.126.26.248
720,Silva,Layhe,slayhejz@csmonitor.com,Female,55.202.240.85
721,Herschel,Axcell,haxcellk0@t-online.de,Male,185.100.236.43
722,Berry,Macauley,bmacauleyk1@amazon.co.uk,Female,32.203.60.100
723,Raymond,Morden,rmordenk2@miitbeian.gov.cn,Male,201.227.46.102
724,Merv,Baskett,mbaskettk3@nih.gov,Male,205.210.140.210
725,Franz,Navarro,fnavarrok4@digg.com,Male,22.6.189.156
726,Abeu,Rayworth,arayworthk5@artisteer.com,Male,80.117.158.82
727,Brander,Scipsey,bscipseyk6@harvard.edu,Male,175.199.35.195
728,Glory,Bricknell,gbricknellk7@amazon.de,Female,63.252.76.255
729,Celka,O'Hoolahan,cohoolahank8@seesaa.net,Female,199.47.10.193
730,Elenore,Hryskiewicz,ehryskiewiczk9@shutterfly.com,Female,4.219.134.81
731,Beverley,Zoellner,bzoellnerka@biblegateway.com,Female,70.97.28.150
732,Nicholle,Gurton,ngurtonkb@deliciousdays.com,Female,81.201.217.74
733,Caryl,Ralphs,cralphskc@fotki.com,Male,214.68.144.252
734,Jo,Bourgour,jbourgourkd@mozilla.org,Male,29.19.132.87
735,Lilias,Philipsohn,lphilipsohnke@digg.com,Female,21.21.13.245
736,Adey,Harpur,aharpurkf@gravatar.com,Female,170.236.174.133
737,Jennette,Priden,jpridenkg@usa.gov,Female,218.41.242.121
738,Puff,Curtis,pcurtiskh@japanpost.jp,Male,109.183.33.63
739,Dareen,Potell,dpotellki@toplist.cz,Female,179.153.231.46
740,Donavon,Boylin,dboylinkj@yelp.com,Male,143.196.130.81
741,Danica,Berthel,dberthelkk@ow.ly,Female,45.104.239.29
742,Nanine,Eede,needekl@forbes.com,Female,55.140.253.107
743,Ellary,Phillput,ephillputkm@oracle.com,Male,79.219.205.25
744,Tucker,Wasiel,twasielkn@go.com,Male,86.10.124.13
745,Starr,Pillington,spillingtonko@t-online.de,Female,37.15.154.202
746,Raymond,Vanner,rvannerkp@ted.com,Male,240.6.164.227
747,Inglebert,Rikel,irikelkq@phoca.cz,Male,209.45.131.216
748,Marne,Bourdas,mbourdaskr@yandex.ru,Female,111.114.38.139
749,Hall,Kenner,hkennerks@creativecommons.org,Male,115.36.28.215
750,Mike,Baudry,mbaudrykt@reverbnation.com,Male,240.65.57.248
751,Ardyth,Leathem,aleathemku@harvard.edu,Female,239.171.132.41
752,Corene,Burbank,cburbankkv@barnesandnoble.com,Female,49.119.51.224
753,Gianni,Domerc,gdomerckw@ow.ly,Male,27.91.210.165
754,Cody,Abethell,cabethellkx@mapquest.com,Female,145.204.233.241
755,Caleb,Barsham,cbarshamky@princeton.edu,Male,203.237.76.138
756,Merrick,Longson,mlongsonkz@squarespace.com,Male,30.198.146.170
757,Tedi,Sedger,tsedgerl0@sfgate.com,Female,202.151.111.144
758,Stacee,Hingeley,shingeleyl1@zdnet.com,Male,184.227.104.101
759,Peta,Sowman,psowmanl2@discovery.com,Female,219.197.121.43
760,Candide,Wones,cwonesl3@usatoday.com,Female,169.58.64.247
761,Wynny,McCracken,wmccrackenl4@arstechnica.com,Female,184.117.229.251
762,Guthrie,Shevlane,gshevlanel5@mysql.com,Male,34.32.77.230
763,Oates,Orrick,oorrickl6@patch.com,Male,19.122.149.60
764,Ginger,Brabon,gbrabonl7@exblog.jp,Male,135.151.148.136
765,Haslett,Longstaffe,hlongstaffel8@ovh.net,Male,212.179.237.186
766,Odelle,Cerro,ocerrol9@scribd.com,Female,242.240.58.85
767,Coralyn,Capinetti,ccapinettila@ca.gov,Female,176.10.157.248
768,Augy,Brimham,abrimhamlb@businessweek.com,Male,228.209.118.115
769,Merle,Lardnar,mlardnarlc@behance.net,Female,71.111.119.126
770,Wiley,Geertje,wgeertjeld@seattletimes.com,Male,61.154.48.125
771,Serene,Pawlicki,spawlickile@instagram.com,Female,227.99.243.46
772,Emmanuel,Sumbler,esumblerlf@1und1.de,Male,92.107.229.159
773,Emmye,Deyes,edeyeslg@nationalgeographic.com,Female,37.175.138.205
774,Clayborn,Mingaud,cmingaudlh@privacy.gov.au,Male,53.139.175.204
775,Pip,Gruszka,pgruszkali@linkedin.com,Male,136.104.28.101
776,Tove,Whisker,twhiskerlj@earthlink.net,Female,238.80.181.171
777,Lesley,Beney,lbeneylk@reverbnation.com,Male,120.119.145.248
778,Linet,Moncarr,lmoncarrll@dedecms.com,Female,238.11.175.66
779,Agnese,Fruchter,afruchterlm@google.co.uk,Female,99.181.241.168
780,Gayelord,McLugish,gmclugishln@tripadvisor.com,Male,84.226.247.67
781,Arte,Sweatland,asweatlandlo@nsw.gov.au,Male,85.60.14.70
782,Gelya,Russan,grussanlp@msu.edu,Female,189.83.194.252
783,Maighdiln,Leaf,mleaflq@oracle.com,Female,124.86.240.173
784,Marlane,Alkin,malkinlr@marketwatch.com,Female,231.66.74.218
785,Guinna,Sagg,gsaggls@youtu.be,Female,44.77.15.81
786,Tori,Lappine,tlappinelt@paypal.com,Female,86.109.210.153
787,Armin,Hacon,ahaconlu@boston.com,Male,37.246.228.154
788,Kinna,Pygott,kpygottlv@issuu.com,Female,64.217.91.134
789,Vivian,Dumbrall,vdumbralllw@nba.com,Female,135.60.199.109
790,Cindee,Eburah,ceburahlx@umich.edu,Female,34.210.224.1
791,Nicolette,Bigland,nbiglandly@geocities.com,Female,69.211.86.38
792,Arlee,Fulk,afulklz@domainmarket.com,Female,171.12.74.80
793,Marysa,Gozzard,mgozzardm0@e-recht24.de,Female,137.243.160.106
794,Pauli,Arber,parberm1@ibm.com,Female,200.193.99.146
795,Dyane,Ninnis,dninnism2@fotki.com,Female,54.167.155.120
796,Raychel,Grimm,rgrimmm3@webnode.com,Female,190.78.103.136
797,Maggi,Seeviour,mseeviourm4@google.fr,Female,4.84.128.45
798,Ewart,Kristoffersen,ekristoffersenm5@chron.com,Male,248.49.91.254
799,Burg,Cirlos,bcirlosm6@indiatimes.com,Male,132.124.50.221
800,Wyatan,Joseph,wjosephm7@aol.com,Male,95.45.216.176
801,Marlena,Morshead,mmorsheadm8@github.com,Female,194.12.234.59
802,Carroll,Haslock(e),chaslockem9@shutterfly.com,Male,158.131.184.53
803,Amalee,Veneur,aveneurma@w3.org,Female,136.61.104.202
804,Abrahan,Aitchinson,aaitchinsonmb@state.gov,Male,43.12.168.55
805,Dore,Scholer,dscholermc@nhs.uk,Female,118.6.198.203
806,Olva,Funcheon,ofuncheonmd@fotki.com,Female,143.248.105.209
807,Edlin,Kelberman,ekelbermanme@mit.edu,Male,226.152.182.170
808,Myrta,Jakubovitch,mjakubovitchmf@disqus.com,Female,55.42.192.173
809,Corine,Vinck,cvinckmg@slate.com,Female,4.184.131.39
810,Cyril,Blunt,cbluntmh@walmart.com,Male,112.210.2.213
811,Pen,Andretti,pandrettimi@mtv.com,Female,192.102.20.53
812,Shane,Doyley,sdoyleymj@biglobe.ne.jp,Male,218.45.105.139
813,Hannie,Calloway,hcallowaymk@amazon.com,Female,98.121.177.62
814,Kiley,Hurling,khurlingml@hostgator.com,Male,7.44.136.182
815,Mabel,Frith,mfrithmm@salon.com,Female,45.136.85.235
816,Jacky,Mawditt,jmawdittmn@prlog.org,Male,71.208.233.65
817,Marissa,McCart,mmccartmo@home.pl,Female,43.95.244.230
818,Devlen,St. Leger,dstlegermp@yellowpages.com,Male,89.73.229.245
819,Friedrick,Mullenger,fmullengermq@nature.com,Male,170.154.192.78
820,Lois,Spong,lspongmr@sourceforge.net,Female,153.25.166.210
821,Brandise,Manuaud,bmanuaudms@pbs.org,Female,41.253.213.184
822,Al,Dearden,adeardenmt@bloglines.com,Male,71.5.221.198
823,Sonnie,Witton,swittonmu@spotify.com,Male,216.197.109.113
824,Lowell,Lidbetter,llidbettermv@wikispaces.com,Male,193.155.39.127
825,Miguelita,Gumme,mgummemw@cyberchimps.com,Female,60.237.144.58
826,Iver,Teideman,iteidemanmx@fastcompany.com,Male,131.129.242.33
827,Dela,Poston,dpostonmy@diigo.com,Female,127.147.184.50
828,Zak,Gleave,zgleavemz@wufoo.com,Male,213.143.3.142
829,Elvina,MacDowal,emacdowaln0@spiegel.de,Female,163.68.55.196
830,Jehu,Burnall,jburnalln1@dailymail.co.uk,Male,163.128.126.214
831,Fidel,Lagadu,flagadun2@over-blog.com,Male,199.186.63.86
832,Forrester,Sorel,fsoreln3@cocolog-nifty.com,Male,207.141.194.222
833,Astrix,Worrell,aworrelln4@sciencedaily.com,Female,59.145.168.163
834,Sarita,Heatherington,sheatheringtonn5@cam.ac.uk,Female,228.146.30.14
835,Ludovika,Pollins,lpollinsn6@hexun.com,Female,141.87.69.21
836,Georges,Jenkerson,gjenkersonn7@vimeo.com,Male,230.206.212.240
837,Fons,Seckington,fseckingtonn8@naver.com,Male,133.193.163.121
838,Hy,Frift,hfriftn9@storify.com,Male,193.37.212.193
839,Flor,Coy,fcoyna@barnesandnoble.com,Female,24.21.177.84
840,Cristie,Larimer,clarimernb@disqus.com,Female,200.86.58.105
841,Sawyere,Rodrigues,srodriguesnc@slate.com,Male,236.23.228.171
842,Alexander,Schachter,aschachternd@techcrunch.com,Male,204.121.76.221
843,Rance,Wasson,rwassonne@craigslist.org,Male,195.242.208.97
844,Ethelbert,Mioni,emioninf@webeden.co.uk,Male,173.61.64.245
845,La verne,Muskett,lmuskettng@liveinternet.ru,Female,188.222.8.140
846,Willette,Covert,wcovertnh@bbb.org,Female,198.76.171.183
847,Shirlene,Stronough,sstronoughni@squidoo.com,Female,80.58.201.138
848,Shaughn,Meake,smeakenj@instagram.com,Male,214.63.103.155
849,Lanny,Midford,lmidfordnk@census.gov,Male,236.232.49.23
850,Cordi,Walklot,cwalklotnl@timesonline.co.uk,Female,247.9.30.122
851,Clarissa,Carlett,ccarlettnm@va.gov,Female,207.201.151.173
852,Brenden,Cuerda,bcuerdann@earthlink.net,Male,168.23.220.179
853,Mirilla,Rainforth,mrainforthno@yale.edu,Female,225.50.128.214
854,Lotte,Bevir,lbevirnp@altervista.org,Female,230.80.2.251
855,Darsie,Palffy,dpalffynq@themeforest.net,Female,148.89.117.51
856,Gail,Noblet,gnobletnr@si.edu,Female,201.169.203.178
857,Layne,Pridding,lpriddingns@eepurl.com,Female,41.61.112.236
858,Deane,Gammade,dgammadent@sakura.ne.jp,Male,74.224.81.57
859,Tammara,Pedley,tpedleynu@histats.com,Female,93.214.100.255
860,Dela,Almond,dalmondnv@nyu.edu,Female,95.74.120.38
861,Cecil,Hackleton,chackletonnw@blog.com,Female,225.225.49.187
862,Hal,Vereker,hverekernx@weibo.com,Male,78.190.68.120
863,Llywellyn,Mueller,lmuellerny@friendfeed.com,Male,189.115.233.185
864,Nikoletta,Behagg,nbehaggnz@comsenz.com,Female,160.48.82.76
865,Arlen,Maddrell,amaddrello0@ameblo.jp,Female,195.122.129.146
866,Rahal,Eglaise,reglaiseo1@histats.com,Female,120.77.166.236
867,Krishna,Copestick,kcopesticko2@ibm.com,Male,97.184.96.23
868,Bonni,Wilde,bwildeo3@boston.com,Female,220.28.240.21
869,Alano,Klemz,aklemzo4@phoca.cz,Male,200.59.43.208
870,Dal,Woodroofe,dwoodroofeo5@twitter.com,Male,132.20.150.12
871,Jacobo,Snadden,jsnaddeno6@shinystat.com,Male,6.126.216.215
872,Zachery,Guiden,zguideno7@hostgator.com,Male,197.32.108.178
873,Fredelia,Gascoyen,fgascoyeno8@timesonline.co.uk,Female,131.33.20.226
874,Mal,Entreis,mentreiso9@latimes.com,Male,42.197.103.151
875,Shurlock,Kirdsch,skirdschoa@squidoo.com,Male,202.240.166.171
876,Isabelita,Gridon,igridonob@blogspot.com,Female,78.196.233.155
877,Nickie,Meredith,nmeredithoc@latimes.com,Female,100.175.169.160
878,Terrill,Culverhouse,tculverhouseod@gmpg.org,Male,26.14.128.26
879,Martainn,Karle,mkarleoe@netvibes.com,Male,188.40.141.35
880,Samara,Rushworth,srushworthof@odnoklassniki.ru,Female,97.49.35.138
881,Ashley,Spaxman,aspaxmanog@businessinsider.com,Female,235.221.196.47
882,Leda,Mohammad,lmohammadoh@tiny.cc,Female,60.4.176.237
883,Evvy,Bruckner,ebruckneroi@guardian.co.uk,Female,146.169.151.98
884,Carmita,Toler,ctoleroj@weather.com,Female,216.1.19.69
885,Odilia,Vinnicombe,ovinnicombeok@xrea.com,Female,104.48.240.137
886,Melisande,Gateman,mgatemanol@mlb.com,Female,21.177.189.161
887,Cathleen,Murrum,cmurrumom@livejournal.com,Female,2.129.142.194
888,Guillema,Gilfoyle,ggilfoyleon@bloomberg.com,Female,81.125.251.157
889,Nat,Clericoates,nclericoatesoo@rakuten.co.jp,Female,68.149.255.220
890,Nilson,Brisset,nbrissetop@mapy.cz,Male,65.83.99.87
891,Maire,Edson,medsonoq@google.com.au,Female,58.40.140.203
892,Kaitlynn,Patten,kpattenor@opera.com,Female,143.17.137.211
893,Martynne,Norheny,mnorhenyos@ihg.com,Female,188.54.236.125
894,Halsy,Nornable,hnornableot@unblog.fr,Male,91.80.95.23
895,Cris,McPartlin,cmcpartlinou@issuu.com,Female,248.232.50.87
896,Barth,Thresh,bthreshov@intel.com,Male,153.175.170.227
897,Dewey,Radmer,dradmerow@hhs.gov,Male,177.235.140.80
898,Adlai,Jozefiak,ajozefiakox@oracle.com,Male,27.97.108.106
899,Jeanie,Torrisi,jtorrisioy@cbslocal.com,Female,42.226.115.231
900,Mile,Toderbrugge,mtoderbruggeoz@amazonaws.com,Male,29.234.34.147
901,Neville,Fusco,nfuscop0@engadget.com,Male,50.50.220.91
902,Steffie,Muehle,smuehlep1@census.gov,Female,200.39.179.219
903,Gwen,Casado,gcasadop2@dmoz.org,Female,48.59.200.145
904,Micky,Burle,mburlep3@telegraph.co.uk,Male,29.104.228.84
905,Phillis,Dunthorn,pdunthornp4@cisco.com,Female,157.231.13.26
906,Kilian,Taylo,ktaylop5@yellowbook.com,Male,111.73.51.140
907,Thaine,Glenny,tglennyp6@timesonline.co.uk,Male,91.132.123.101
908,Reagan,Paddell,rpaddellp7@google.ru,Male,72.55.49.208
909,Katlin,Welch,kwelchp8@dedecms.com,Female,96.123.131.215
910,Lazarus,Bonass,lbonassp9@tinypic.com,Male,89.142.240.199
911,Lianne,Ledington,lledingtonpa@dedecms.com,Female,218.36.125.101
912,Livvie,Constantinou,lconstantinoupb@columbia.edu,Female,93.94.16.33
913,Linn,Eyam,leyampc@timesonline.co.uk,Male,62.4.96.18
914,Fitzgerald,Tebbutt,ftebbuttpd@sfgate.com,Male,109.113.174.6
915,Shandie,Hubbuck,shubbuckpe@cnbc.com,Female,103.185.115.179
916,Tildy,Trewhella,ttrewhellapf@boston.com,Female,58.7.179.248
917,Stanwood,Cunliffe,scunliffepg@prlog.org,Male,137.227.151.97
918,Mireille,Brittle,mbrittleph@youku.com,Female,13.159.216.143
919,Jarrett,Fison,jfisonpi@wiley.com,Male,251.86.117.215
920,Desmund,Vickers,dvickerspj@storify.com,Male,202.151.94.124
921,Lindy,Ricardot,lricardotpk@squidoo.com,Female,149.105.138.229
922,Alan,Orts,aortspl@diigo.com,Male,248.99.187.174
923,Guglielmo,Schreiner,gschreinerpm@whitehouse.gov,Male,125.179.19.10
924,Gage,Cone,gconepn@booking.com,Male,40.148.191.224
925,Isac,Maudlen,imaudlenpo@jiathis.com,Male,15.148.79.195
926,Rodolphe,Prout,rproutpp@reddit.com,Male,246.135.175.203
927,Libbey,Riby,lribypq@stumbleupon.com,Female,18.206.177.112
928,Milty,Loomes,mloomespr@eventbrite.com,Male,96.254.125.220
929,Sephira,Zienkiewicz,szienkiewiczps@symantec.com,Female,233.190.145.173
930,Karlee,Canty,kcantypt@cnet.com,Female,138.89.152.255
931,Carce,Dongate,cdongatepu@ycombinator.com,Male,235.158.34.108
932,Axe,Sallows,asallowspv@dmoz.org,Male,224.169.40.162
933,Willa,Luparti,wlupartipw@gov.uk,Female,205.135.152.243
934,Giordano,Cuchey,gcucheypx@dedecms.com,Male,103.28.243.243
935,Gustave,Moquin,gmoquinpy@sohu.com,Male,42.4.192.181
936,Britt,Scopham,bscophampz@webmd.com,Female,86.35.234.16
937,Juieta,Treven,jtrevenq0@symantec.com,Female,234.2.123.110
938,Josey,Whyborne,jwhyborneq1@washingtonpost.com,Female,79.119.182.163
939,Diann,Teale,dtealeq2@people.com.cn,Female,211.16.229.66
940,Jessa,Jelley,jjelleyq3@time.com,Female,43.187.129.44
941,Earlie,Krojn,ekrojnq4@chicagotribune.com,Male,42.59.54.76
942,Amby,Boteman,abotemanq5@imgur.com,Male,177.232.175.75
943,Dehlia,Chamberlain,dchamberlainq6@upenn.edu,Female,150.95.94.25
944,Kellsie,Ganley,kganleyq7@ibm.com,Female,242.133.234.52
945,Cullin,Sauniere,csauniereq8@webeden.co.uk,Male,192.2.82.205
946,Lavena,Jochens,ljochensq9@delicious.com,Female,23.226.113.89
947,Sileas,Batram,sbatramqa@sourceforge.net,Female,231.146.10.21
948,Darcy,Chartres,dchartresqb@bbc.co.uk,Female,187.214.4.189
949,Jori,Warde,jwardeqc@apple.com,Female,190.180.1.204
950,Carola,Sine,csineqd@wikimedia.org,Female,45.51.152.122
951,Hasheem,Culross,hculrossqe@imgur.com,Male,22.143.161.214
952,Foster,Ilden,fildenqf@bing.com,Male,87.208.177.211
953,Kristine,Blees,kbleesqg@pagesperso-orange.fr,Female,219.195.240.40
954,Fabiano,Le Sarr,flesarrqh@rediff.com,Male,39.82.206.112
955,Lock,Ault,laultqi@vk.com,Male,38.114.35.134
956,Aaron,Colicot,acolicotqj@xrea.com,Male,30.29.116.246
957,Veronica,Poolman,vpoolmanqk@pcworld.com,Female,240.129.127.255
958,Benedick,Crosson,bcrossonql@pcworld.com,Male,29.24.163.195
959,Denver,Colcutt,dcolcuttqm@trellian.com,Male,218.15.126.19
960,Tadio,Carnow,tcarnowqn@hexun.com,Male,141.0.161.149
961,Nero,Anyene,nanyeneqo@si.edu,Male,23.184.170.20
962,Stanleigh,Barczewski,sbarczewskiqp@miibeian.gov.cn,Male,237.231.62.164
963,Ugo,Breitling,ubreitlingqq@spotify.com,Male,54.199.130.27
964,Alia,Wraith,awraithqr@chicagotribune.com,Female,44.75.15.156
965,Vincenty,Piecha,vpiechaqs@t-online.de,Male,180.50.214.197
966,Gabbey,Bradburn,gbradburnqt@thetimes.co.uk,Female,184.223.16.28
967,Willette,Charlin,wcharlinqu@reference.com,Female,55.234.144.113
968,Kelsey,Heller,khellerqv@nature.com,Male,93.209.182.171
969,Derward,Huonic,dhuonicqw@sfgate.com,Male,216.203.4.205
970,Oralle,Flecknell,oflecknellqx@house.gov,Female,77.103.3.46
971,Edlin,Peet,epeetqy@infoseek.co.jp,Male,195.100.73.84
972,Pavia,Brittan,pbrittanqz@macromedia.com,Female,167.239.118.2
973,Sherman,Scowcroft,sscowcroftr0@flavors.me,Male,115.8.157.182
974,Tilly,Schrader,tschraderr1@blogspot.com,Female,248.73.112.155
975,Walther,Wolters,wwoltersr2@thetimes.co.uk,Male,90.207.24.83
976,Luis,Baggaley,lbaggaleyr3@uol.com.br,Male,8.201.4.197
977,Paulita,Beers,pbeersr4@ebay.com,Female,212.128.74.153
978,Tiffani,Giff,tgiffr5@comsenz.com,Female,188.90.141.234
979,Ichabod,Wodham,iwodhamr6@odnoklassniki.ru,Male,122.90.21.49
980,Iona,Garlic,igarlicr7@ed.gov,Female,142.134.33.143
981,Elton,Archibald,earchibaldr8@sbwire.com,Male,254.55.103.44
982,Magda,Touret,mtouretr9@nymag.com,Female,255.101.212.104
983,Loree,Leades,lleadesra@google.cn,Female,235.13.55.194
984,Abby,Galiero,agalierorb@spotify.com,Female,254.31.239.245
985,Reggy,Klass,rklassrc@wp.com,Male,28.175.251.127
986,Andre,Whitticks,awhitticksrd@ning.com,Male,177.138.89.112
987,Westleigh,Jackson,wjacksonre@php.net,Male,75.170.150.239
988,Paolo,Websdale,pwebsdalerf@wordpress.org,Male,156.37.72.21
989,Gerard,Cessford,gcessfordrg@vimeo.com,Male,198.136.137.43
990,Emmi,Shenley,eshenleyrh@bing.com,Female,160.106.225.125
991,Luz,Haglinton,lhaglintonri@zdnet.com,Female,112.242.220.18
992,Danni,Burdikin,dburdikinrj@google.cn,Female,26.200.81.206
993,Kenton,Keddey,kkeddeyrk@delicious.com,Male,245.20.139.30
994,Arvin,O'Gaven,aogavenrl@123-reg.co.uk,Male,7.58.201.87
995,Gabey,Verryan,gverryanrm@yahoo.com,Female,172.181.167.187
996,Neale,Soffe,nsoffern@time.com,Male,176.98.221.135
997,Wilmer,Strood,wstroodro@wikia.com,Male,255.140.31.193
998,Arte,O'Hannigan,aohanniganrp@bbb.org,Male,241.218.141.171
999,Doll,Mardy,dmardyrq@illinois.edu,Female,100.45.213.32
1000,Jillayne,Todd,jtoddrr@baidu.com,Female,112.7.109.99
